source_row,source_column,source_section,course_name,teacher,tags,rating,difficulty,comment,term_year,term_month,source_key
5,C,Art,#mysocialmediapresence,,['GE'],3,3,"问题：给分怎么样
作业都是拍视频吗？小组作业多吗？",,,515547e9986b2dbc3375303e
5,D,Art,#mysocialmediapresence,,['GE'],3,3,"问题：给分怎么样
作业要发布在哪个社交平台？",,,bcc6d11963a52ca73f2ba4c7
5,E,Art,#mysocialmediapresence,,['GE'],3,3,"问题：给分怎么样
要运营社交媒体 拍照拍影片写稿 得看自己是不是真的有兴趣",,,9816e5c70d266ab97d35616e
5,F,Art,#mysocialmediapresence,,['GE'],3,3,"问题：给分怎么样
系里的教授，人超好，很负责，但是课程内容如何就不清楚了",,,352ec9d03049d148e34e347c
5,G,Art,#mysocialmediapresence,,['GE'],3,3,"问题：给分怎么样
课堂轻松，课堂上三四个人组小组完成任务，作业大概是社媒发帖和做个人网站",,,0327db5021847cc4bbe4e10a
6,C,Art,Acting and Appreciation of Theatre,,['GE'],3,3,"问题：给分情况怎么样
DrColin人非常非常非常好",,,5c07b47e05bf48d681c343df
6,D,Art,Acting and Appreciation of Theatre,,['GE'],3,3,"问题：给分情况怎么样
非常好玩的课 上课就是做游戏 演话剧 跟着跳舞 瑜伽",,,7ec55a02bd1b5a469afa9df8
6,E,Art,Acting and Appreciation of Theatre,,['GE'],3,3,"问题：给分情况怎么样
给分不稳定，得组队组好一点",,,59dd29df6c4b72f280eb4968
7,C,Art,Art and Science,,['GE'],3,3,"问题：有final exam吗(有人能大概讲讲内容吗
老师给分偏主观，有3.7的，但还是3.3的多",,,9ce0e97acf896ad7df582ad9
7,D,Art,Art and Science,,['GE'],3,3,"问题：有final exam吗(有人能大概讲讲内容吗
Art and Science 这个科目大多数3.3 首推prof wang的",,,a733bf841d1a2cf42758c4d1
7,E,Art,Art and Science,,['GE'],3,3,"问题：有final exam吗(有人能大概讲讲内容吗
很好拿分，虽然有期末asm还有个小测验还有pre，但是得分高。课程也简单",,,63dea2e9637eaa770d683288
7,F,Art,Art and Science,,['GE'],3,3,"问题：有final exam吗(有人能大概讲讲内容吗
没有期末考 final paper是一篇论文",,,cc9886cd0b52b0a08009efd2
8,D,Art,Art Appreciation,,['GE'],3,3,"问题：这节课难度如何，老师给分怎么样
比较简单 给分还行 建议有绘画基础的上 有两个individual作业 一个小组作业 第二个作业要用点线面画一幅a3的画 小组作业要有创意 去年小学期是视频pre 老师人还行",,,8ec63b8c31ffdbefe5395178
9,C,Art,Art Is Therapy,,['GE'],3,3,"问题：这门课在干啥给分怎么样？ Rebecca和Clara哪个老师比较好？ assignment是小组还是个人
神中神课程，上课纯放歌/戴耳机画画，给分还行吧。",,,ff820d74858d4171476fd35c
9,D,Art,Art Is Therapy,,['GE'],3,3,"问题：这门课在干啥给分怎么样？ Rebecca和Clara哪个老师比较好？ assignment是小组还是个人
这个课就是每节课都在画画，作业就是根据你画的画写30个词以内的解释，和其他纯学知识的GE都不一样",,,c38694a89b438e0680214f29
9,E,Art,Art Is Therapy,,['GE'],3,3,"问题：这门课在干啥给分怎么样？ Rebecca和Clara哪个老师比较好？ assignment是小组还是个人
选了Clara，assignment大部分小组形式，记个人成绩，最后有一个个人把所有画的画整合加感想的作业",,,55161f6e861a5a47899a28c4
9,F,Art,Art Is Therapy,,['GE'],3,3,"问题：这门课在干啥给分怎么样？ Rebecca和Clara哪个老师比较好？ assignment是小组还是个人
Clara给分挺严格的 除非你学的很认真",,,1d0ec41f93483d5b873f8eaa
9,G,Art,Art Is Therapy,,['GE'],3,3,"问题：这门课在干啥给分怎么样？ Rebecca和Clara哪个老师比较好？ assignment是小组还是个人
Clara老师很温柔！！",,,8dd41b8743780869fc64be84
10,C,Art,Art Is Therapy,,['GE'],3,3,"问题：这门课怎么样
巨推，老师很好，pre和老师交流会帮助你，quiz简单，并且会给画提纲",,,9bebb9b1372890c24f6545d1
11,C,Art,Basic Korean Language,,['GE'],3,3,"问题：给分怎么样？
冲冲冲！难度不大",,,e1115116f2b39db0aa2e19d0
11,D,Art,Basic Korean Language,,['GE'],3,3,"问题：给分怎么样？
小学期上可能会有一点赶会比较累",,,95440dab60599b1ce04675e3
11,E,Art,Basic Korean Language,,['GE'],3,3,"问题：给分怎么样？
难度较高，需要每天记忆才能拿高分，有两次quiz，一次口语考试和final",,,d4e3b6aaa4e9a3a140d2b887
11,F,Art,Basic Korean Language,,['GE'],3,3,"问题：给分怎么样？
和老师多social 口语基本都会捞成满分",,,cde5eb71fba3ee6c66059e33
11,G,Art,Basic Korean Language,,['GE'],3,3,"问题：给分怎么样？
快跑 没基础的快跑...",,,b93a0a681f2fac02ca2cdff1
11,H,Art,Basic Korean Language,,['GE'],3,3,"问题：给分怎么样？
老师特别好！认真学就行",,,52d68587dcdfe39a260eb3c6
12,C,Art,Basics of Project Management for Software Development,,['GE'],3,3,"问题：这个难吗
想知道这个给分如何🥹",,,fd1dc1d0ecb92fe2eed8fa91
13,C,Art,Car Culture,,['GE'],3,3,"问题：给分怎么样啊，有pre吗
虽然老师评价主观，但给分不错",,,75ff5240a016865904d410fa
13,D,Art,Car Culture,,['GE'],3,3,"问题：给分怎么样啊，有pre吗
对汽车不了解并且很不感兴趣容易拿高分吗",,,60f22c945dc61d8a27faa50f
13,E,Art,Car Culture,,['GE'],3,3,"问题：给分怎么样啊，有pre吗
麻小第一水课",,,cd38b29a9dd4214ca7ea764e
13,G,Art,Car Culture,,['GE'],3,3,"问题：给分怎么样啊，有pre吗
全班全是3.3。随便3.3. 但是高分的反正我没见过",,,b0646291668dfb0ee54535f2
14,C,Art,Chinese Epigraphy in Southeast Asia,,['GE'],3,3,很看组员配合，因为没有final只有两个group asm（含pre），有机会4.0,,,f0563bc0237f62455f2c083c
14,D,Art,Chinese Epigraphy in Southeast Asia,,['GE'],3,3,assignment和pre有点多（如果不想忙一点的不推荐）老师很好，不过就是我们组三个人assignment都是一起做的，但其中三个人里面有两个3.7一个莫名其妙3.0,,,d24e9224a57c27f6e2ebc522
14,G,Art,Chinese Epigraphy in Southeast Asia,,['GE'],3,3,两个assign一个pre 上课轻松老师人也还可以 努努力绩点还是可以的,,,d96f32bad2e69e8933419b68
15,C,Art,Chinese Seal Carving: Appreciation and Practice,,['GE'],3,3,"问题：这门课需要自备材料吗？普通纂刻工具行吗？
好玩儿吗这门课看介绍好有意思",,,3c6e4443b5cda5ff23ba415f
15,D,Art,Chinese Seal Carving: Appreciation and Practice,,['GE'],3,3,"问题：这门课需要自备材料吗？普通纂刻工具行吗？
好玩但是刻石头有点费手，老师非常非常非常好而且对考勤要求很松",,,a4e7e5c5865729467556894c
16,C,Art,Cinematic Communication,,['GE'],3,3,"问题：短片是老师限定主题吗
无final 有小组作业 每个作业都是拍短片",,,b006c19df70d3b7750e399b3
16,D,Art,Cinematic Communication,,['GE'],3,3,"问题：短片是老师限定主题吗
上课蛮轻松，给分一般且小组作业组员不负责就只能自己担大活，对我而言费力不讨好",,,19a9cdc3369f25a07953bbaa
16,E,Art,Cinematic Communication,,['GE'],3,3,"问题：短片是老师限定主题吗
快跑吧，选了四周每周都在写剧本-借设备-拍摄-剪辑中循环，累死累活最后美美3.0",,,837f819aa0d27748dffbb843
16,F,Art,Cinematic Communication,,['GE'],3,3,"问题：短片是老师限定主题吗
很挑组员，如果组员厉害且负责的话分不低",,,97673162ef3beda48619a4c7
16,G,Art,Cinematic Communication,,['GE'],3,3,"问题：短片是老师限定主题吗
老师很不错的，人挺好",,,694364b034bd892679387703
16,H,Art,Cinematic Communication,,['GE'],3,3,"问题：短片是老师限定主题吗
跑，作业很多很麻烦累死累活最后2.7",,,367eb537f0352dd79624e233
17,D,Art,Communication and Law in Malaysia,,['GE'],3,3,别拿,,,80bd373fdf4c45524ae3f596
18,D,Art,Communication and Law in Malaysia,,['GE'],3,3,长学期选这门有拍视频作业，不知道短学期有没有，任务比较多的一门选修,,,03bacf0cf2a8887619e43bef
18,E,Art,Communication and Law in Malaysia,,['GE'],3,3,2分课，很水很水，相当于雅思考试一样，两个asm和一个final review相对于面试那种感觉，很好拿分,,,a5718932ab0ebcb85d3757c7
18,G,Art,Communication and Law in Malaysia,,['GE'],3,3,长学期主打一个累 老师要求多 多quiz 3assign 外加pre自带答辩 打分比较苛刻,,,03b61dc006e51bdeaacf77a8
20,D,Art,Cyberpsychology,,['GE'],3,3,"问题：蹲蹲这个的给分,以及是小组作业吗
去年没有考试， 只有小组作业，挺简单的",,,2efdae66feeda8525ba20590
21,C,Art,Design Management,,['GE'],3,3,"问题：评价，问问给分如何
;",,,b625a9577d8fcecff83b8044
21,D,Art,Design Management,,['GE'],3,3,"问题：评价，问问给分如何
有绘画基础可冲，老师人很好，上课很好摸鱼",,,b20b9961ef3a18e1698ef058
21,E,Art,Design Management,,['GE'],3,3,"问题：评价，问问给分如何
看小组成员，不然会很累。不过后面的Assignment我单干了。老师很好",,,84934a397598dbda6da1d482
21,F,Art,Design Management,,['GE'],3,3,"问题：评价，问问给分如何
这门科目主要是想点子，要创新。只要有创新和点子多基本没问题。ass的内容都是要设计产品或是改造产品。本人在长学期拿了这个选修课 拿了4.0 。老师很好，会1对1的跟进你的assignment进度，会引导和监督你的进度。不会画画也没有问题 只要你有想法 告诉老师 老师就会帮你画！！！（只要点子想到了，剩下的用ai没问题，老师不在意！）",,,dd891ec4ec8af7dbd18657ea
22,C,Art,Digital Publishing,,['GE'],3,3,"问题：蹲蹲普遍给分如何
这门课是学什么呢？教ps吗",,,9bfcc48cfdf99e3583821de7
22,D,Art,Digital Publishing,,['GE'],3,3,"问题：蹲蹲普遍给分如何
Yong Cheng Fei老师人很好，但是作业主观性比较大，和老师多多交流的话给分可以",,,7796944f66324b13654a9d7b
22,F,Art,Digital Publishing,,['GE'],3,3,"问题：蹲蹲普遍给分如何
老师人很好，作业都是设计，给分比较主观",,,31d8ed1a6f819f62bf2ddcbb
22,G,Art,Digital Publishing,,['GE'],3,3,"问题：蹲蹲普遍给分如何
问问是什么形式呢，手画还是ps，ai？",,,7a15800fdb71c4ccaf6046bd
22,H,Art,Digital Publishing,,['GE'],3,3,"问题：蹲蹲普遍给分如何
问问这门课好拿4.0吗",,,bd42d5c9e65064ccc2037d67
23,C,Art,Elementary Number Theory,,['GE'],3,3,"问题：比较容易，给分不错
不知道没上过但是多个朋友推荐",,,ac2a16abf25eb19c38ffb949
23,D,Art,Elementary Number Theory,,['GE'],3,3,"问题：比较容易，给分不错
Bazdar老师劳模无疑，邮件必回，人很好，特别特别好",,,8cf39b37d6f2ffef0dc24030
23,E,Art,Elementary Number Theory,,['GE'],3,3,"问题：比较容易，给分不错
Bazdar Arash挺不错的",,,f99ad2e2793b650bb301eb35
23,F,Art,Elementary Number Theory,,['GE'],3,3,"问题：比较容易，给分不错
定理什么的比较多 学起来可能要多花时间记忆 但是final考的和平常asm差不多不是很难",,,13b72b2bb98a375b27286df3
23,G,Art,Elementary Number Theory,,['GE'],3,3,"问题：比较容易，给分不错
只上了1.5节课，自己看看就行（，给分不错",,,5f39c19c39bc66b7287f419c
23,H,Art,Elementary Number Theory,,['GE'],3,3,"问题：比较容易，给分不错
可冲4.0",,,7b2ecb4eb784cf2f78c48702
24,D,Art,English Novels and Short Stories,,['GE'],3,3,轻松4.0 只要别旷课到老师记住你 sana老师人超好 也很温柔,,,8bc571bead6f7b1ad1a03418
24,E,Art,English Novels and Short Stories,,['GE'],3,3,这个课挺好的，给分不错，老师人很好，别经常迟到。缺点就是考核方式比较多（Quiz、Final essay、Group essay、Pre）,,,5dd08eff551ca555f5c20991
24,F,Art,English Novels and Short Stories,,['GE'],3,3,教授人好，但是事情很多，想水的不建议选,,,840349ad1f304c9a5675ad1e
24,G,Art,English Novels and Short Stories,,['GE'],3,3,Dr.Sana的可以选，事情多一点但给分超爽，跟靠谱的外国人组队直接躺赢4.0,,,f586a3c04a1f11963a6ba6a2
25,C,Art,Film appreciation,,['GE'],3,3,"问题：这门课怎么样 没有评价
挺好挺轻松的，稍微用点心就4.0了，老师经常不到2小时就下课了",,,fd8749addb9c1b24c72b4eb8
25,D,Art,Film appreciation,,['GE'],3,3,"问题：这门课怎么样 没有评价
有推荐的老师吗",,,30449f8901673528bbfe73f5
26,C,Art,Face Recognition With Machine Learning,,['GE'],3,3,"问题：这个怎么样，我很感兴趣
对大一的人来说比较难，不建议",,,791d0cc208badbe798d6b076
26,D,Art,Face Recognition With Machine Learning,,['GE'],3,3,"问题：这个怎么样，我很感兴趣
还行吧",,,0ad89f7a970f3a72e950a866
26,G,Art,Face Recognition With Machine Learning,,['GE'],3,3,"问题：这个怎么样，我很感兴趣
除非你对python非常熟悉否则你会发现一个月过去了一无所成甚至有交不了作业的可能性。另外这个课的考试更是抽象，不仅要做题还要背书。属于你备考了也会有大题不会做的类型",,,9a2860f200b6fb49c6cfdfd1
28,C,Art,French for Communication,,['GE'],3,3,"问题：这门怎么样？蹲蹲
跑。每节课都要开小火车，提问，教学速度飞快不让你记住。老师很凶，quiz听力很难，final和学的内容不符。学完这辈子都不会碰法语了。",,,98a09cd0792204c684fb1ceb
28,D,Art,French for Communication,,['GE'],3,3,"问题：这门怎么样？蹲蹲
e人推荐 i人不推荐 要去课下背一些单词 有兴趣愿意学的可以来",,,939bcf79a78b522bc5a10fec
28,E,Art,French for Communication,,['GE'],3,3,"问题：这门怎么样？蹲蹲
前面的在搞笑吗。老师人很好很负责，教的很有趣给分也很公平，自己不听课还想水高绩点【😥】",,,40b316250af6485848795cee
29,C,Art,Fun of Mushroom Growing,,['GE'],3,3,"问题：这个课给分怎么样啊？会不会有很多ass要写？
这门课没有评价吗？？",,,6099cf8ab3323e689e309627
29,D,Art,Fun of Mushroom Growing,,['GE'],3,3,"问题：这个课给分怎么样啊？会不会有很多ass要写？
纯做实验 大概上三周 最后写一个实验报告pre就完了",,,a171d841ad62a6f4859ad07f
29,E,Art,Fun of Mushroom Growing,,['GE'],3,3,"问题：这个课给分怎么样啊？会不会有很多ass要写？
实验有意思吗？",,,02d1438fb2eb8cfc1d45fc39
29,F,Art,Fun of Mushroom Growing,,['GE'],3,3,"问题：这个课给分怎么样啊？会不会有很多ass要写？
真的要种蘑菇吗？",,,c286f64b84ae081a977b420b
30,C,Art,Healthy and Effective Relationships,,['GE'],3,3,"问题：这个课给分怎么样啊？？？
给分一般 但是非常轻松 水水的",,,19dd9d5089eebf7bf265ae77
30,D,Art,Healthy and Effective Relationships,,['GE'],3,3,"问题：这个课给分怎么样啊？？？
给分高但任务较多，两次pre➕有大作业",,,af4edebdb96aa216cd8f1972
32,C,Art,Introduction to Building Lighting,,['GE'],3,3,"问题：quiz难吗 给分咋样
同问这门课？为啥看着好像很水，很简单？",,,38dedd56ab074f38ea200b98
33,C,Art,Introduction to Chatbot Design and Implementation,,['GE'],3,3,"问题：问问这门课考试难吗
难度不会很大，不过我记得它有小测和pre还有考试，事情比较多，推荐比较感兴趣的人选，课不水，有真材实料",,,5baaf1d297ffcbd48364ef00
33,E,Art,Introduction to Chatbot Design and Implementation,,['GE'],3,3,"问题：问问这门课考试难吗
哭了，怎么没了",,,76e0a4fd1aa964570929f431
34,C,Art,Introduction to Creative Typography Design,,['GE'],3,3,"问题：这课怎么样
给分怎么样？",,,ac62d8ac5e8bb11471c8b2aa
34,D,Art,Introduction to Creative Typography Design,,['GE'],3,3,"问题：这课怎么样
有教程啊哈哈哈所以难度我个人觉得其实倒是不大。所以如果你喜欢创意+时间管理能力不错的话，推荐这门课，和朋友一起上最后设计海报的时候真的很有意思",,,6096f945f332cbaa7b4c293e
34,E,Art,Introduction to Creative Typography Design,,['GE'],3,3,"问题：这课怎么样
上学期上过这门课 这个课需要想法和创造力多一点 我们当时上的课基本都是1小时学东西，学习PS和AI的内容，然后剩余两小时是自己做作业，我是干自己的事。好好安排好时间短学期应该很容易的。",,,a397bd19b7dd298508726e52
35,C,Art,Introduction to German Language I,,['GE'],3,3,"问题：蹲蹲给分怎么样，课程难吗
蹲蹲quiz和pre的形式大概是什么样的，对学习的要求大概怎样",,,9b9c5fa531644359f208a950
35,D,Art,Introduction to German Language I,,['GE'],3,3,"问题：蹲蹲给分怎么样，课程难吗
听力有点难，好在占比不大，其他部分都挺简单的",,,b0a67a210f5b674d1a01020c
35,E,Art,Introduction to German Language I,,['GE'],3,3,"问题：蹲蹲给分怎么样，课程难吗
老师好 口语 pre 还有阅读什么的都还好 挺好拿分的 听力很难一题也不会 不过幸好听力占比低 final超级简单",,,ca2d481e0edf77f289b57034
36,C,Art,Introduction to Global Mandarin,,['GE'],3,3,"问题：蹲蹲课程难吗 给分怎么样
课程就是念ppt有点无聊，一个pre一个final这样，给分还行",,,7716732716fcf64f031de43b
36,D,Art,Introduction to Global Mandarin,,['GE'],3,3,"问题：蹲蹲课程难吗 给分怎么样
不讲中文，就是写论文，看老师，给分中规中矩",,,af5fa7da3cfa0ad15631aae7
36,E,Art,Introduction to Global Mandarin,,['GE'],3,3,"问题：蹲蹲课程难吗 给分怎么样
assign做的比较完善的话，pre即使一般也能拿到高分；老师有点mean但人不坏。课程内容不用熟记了解即可。",,,32aaf7c0a581a3befbd11684
37,C,Art,Introduction to Logic,,['GE'],3,3,"问题：是讲黑格尔逻辑学吗？
蹲蹲老师和课程评价！",,,a30d867ecddc02258355e269
37,D,Art,Introduction to Logic,,['GE'],3,3,"问题：是讲黑格尔逻辑学吗？
讲三段论逻辑证明谬误识别等等，有个pre要看队友，两次考试都在平时感觉不难，没有期末考，上课认真点很容易4.0，反正我们组基本都是4.0",,,6a68fb6d3c41b1829b025cff
38,C,Art,Introduction to Machine Learning with Python,,['GE'],3,3,"问题：这节课难度如何，老师给分怎么样
quiz不算太难，日常做就行，给分也不错",,,bf7bc94c1308df6130752543
38,D,Art,Introduction to Machine Learning with Python,,['GE'],3,3,"问题：这节课难度如何，老师给分怎么样
quiz不算太难，日常做assignment就行，给分也不错",,,9efde1a72750a6d6fd7f2d37
38,E,Art,Introduction to Machine Learning with Python,,['GE'],3,3,"问题：这节课难度如何，老师给分怎么样
有final exam吗 / 没有，有quiz",,,acfc89b0e94d9e1d59b12349
40,D,Art,Languages and Writings of the World,,['GE'],3,3,"问题：给分情况怎么样
英语比较好且对这种历史文化感兴趣可以选，老师给分挺大方，期末考试两篇essay给了主题可以提前找论据，对写英语作文不抗拒的其实写的挺容易的。但是老师不太接受上课使用电子产品。",,,c6904bb5f8ae5a3a757ddcf7
40,E,Art,Languages and Writings of the World,,['GE'],3,3,"问题：给分情况怎么样
请问4.0好拿吗",,,86d6e9ce8557704ac8241761
41,C,Art,Leadership with Fun,,['GE'],3,3,"问题：这门课怎么样啊，给分怎么样
事情多，小事真的很多。每节课上课玩游戏，设计游戏，基本和社区服务差不多，适合e人。给分比较玄学，但是基本最低3.3，高分很难",,,7da3acb01a5a2cb84e5e51c4
42,C,Art,Mathematical Theory of Games,,['GE'],3,3,"问题：难吗？给分如何？Darren 上的课，怎么样啊
其实还可以，唯一的缺点就是有final",,,06c29e733e8c20e2b41b7482
42,D,Art,Mathematical Theory of Games,,['GE'],3,3,"问题：难吗？给分如何？Darren 上的课，怎么样啊
老师上专业课的时候每节课都会点名签到，水不了一点",,,1460566a4118d9705cf73b1f
42,E,Art,Mathematical Theory of Games,,['GE'],3,3,"问题：难吗？给分如何？Darren 上的课，怎么样啊
没上过但是数学系的朋友推荐",,,ff8278540f199991414ad9e6
42,F,Art,Mathematical Theory of Games,,['GE'],3,3,"问题：难吗？给分如何？Darren 上的课，怎么样啊
收Zeiner Peter老师的评价",,,20ed2829b54a2f7ad6c96479
42,G,Art,Mathematical Theory of Games,,['GE'],3,3,"问题：难吗？给分如何？Darren 上的课，怎么样啊
这课挺好的，但是Darren有点小烦",,,07a16081fc789abf75accdea
42,H,Art,Mathematical Theory of Games,,['GE'],3,3,"问题：难吗？给分如何？Darren 上的课，怎么样啊
没上过darren ong的选修但上过主修，人非常好啊，教课很容易听懂（如果好好听）",,,2f26346c5ad385f7585900a9
43,C,Art,Media and Representations,,['GE'],3,3,"问题：这课难吗，给分怎么样
蹲给分",,,7a8ecd8aff64d9aaa62f82a4
44,D,Art,Multimedia Storytelling,,['GE'],3,3,"问题：uu们这门课难吗，学啥，给分怎么样
老师人很好很好！多和老师沟通 但是最好需要一些剪辑或者绘画基础 （但是其实画的很简单老师也认可！）考试不难 有重点 背即可",,,4d2277e582410ee91c412525
45,C,Art,Mathematical Graphics,,['GE'],3,3,"问题：这门课怎么样呢 问问有无推荐老师
推推Hamdan",,,97e64fb43baf694344b5d9dc
48,C,Art,Positive Psychology,,['GE'],3,3,"问题：-
有考试，我朋友拿了，死记硬背最后4.0，想要的话可以试试但是课程内容很多",,,687891237a61c6c302ffdd95
48,D,Art,Positive Psychology,,['GE'],3,3,"问题：-
避雷，除非你想挑战自我",,,643c58e22e81942dcf54c71d
48,E,Art,Positive Psychology,,['GE'],3,3,"问题：-
避雷 老师纯2b 声称没有办公室 故不接受任何答疑",,,f5ed841e9e82bd47ab9b6b3e
48,F,Art,Positive Psychology,,['GE'],3,3,"问题：-
很多人说避雷，不方便说脏话",,,aad9c05b2962ef172dc13fc7
48,G,Art,Positive Psychology,,['GE'],3,3,"问题：-
避大雷",,,51230a7f4dc78910678a80d9
49,C,Art,Principles of Public Relations,,['GE'],3,3,"问题：问问这门课怎么样，轻松吗给分如何
很不错的 强烈推荐",,,fb40c86cfb910c8561664964
49,E,Art,Principles of Public Relations,,['GE'],3,3,"问题：问问这门课怎么样，轻松吗给分如何
老师上课天天点号数抽人回答问题 回答不出来会一直问 给分不好人均3.0吧（不过去年的老师今年没开）",,,1f079eb8e77be4b6c0f3f220
49,F,Art,Principles of Public Relations,,['GE'],3,3,"问题：问问这门课怎么样，轻松吗给分如何
不太轻松 给分中规中矩 不仅要背还要运用",,,816c545667fa3e4c0913b020
50,C,Art,Probability and Statistics in Real Life,,['GE'],3,3,"问题：求Dedi Rosadi和Koh siew khew老师评价
没选过这门课，但是第一个老师人挺好",,,d3cdb9246e4e275ba1c28a00
50,D,Art,Probability and Statistics in Real Life,,['GE'],3,3,"问题：求Dedi Rosadi和Koh siew khew老师评价
quiz是线下吗",,,747f999fdc9063242c557cff
50,I,Art,Probability and Statistics in Real Life,,['GE'],3,3,"问题：求Dedi Rosadi和Koh siew khew老师评价
这门课有小组作业吗（几个人组队啊）",,,e1cdde0952714a696454f534
51,C,Art,Protection of Innovation,,['GE'],3,3,"问题：收评价
这门课给分怎么样啊",,,53ae537d50129699f03bcc72
51,D,Art,Protection of Innovation,,['GE'],3,3,"问题：收评价
天雷 快跑",,,7ca197785ff25b98c66c97a8
52,C,Art,Public Speaking,,['GE'],3,3,"问题：好拿分吗 要背的多吗
这门课如果还在的话我猛猛推荐",,,c8130da66e1aa9a257fca052
52,D,Art,Public Speaking,,['GE'],3,3,"问题：好拿分吗 要背的多吗
推荐哪个老师？",,,d16096c93b9a38543d67220c
52,E,Art,Public Speaking,,['GE'],3,3,"问题：好拿分吗 要背的多吗
轻松3.7不解释",,,ba672108b1e7662b99f545c3
52,F,Art,Public Speaking,,['GE'],3,3,"问题：好拿分吗 要背的多吗
同求老师推荐",,,4f4c452d8d3e84b3fb829d62
54,C,Art,"Technology and Culture: Science Fiction, Video Games and Social Media",,['GE'],3,3,"问题：列1
Gui Wei 中国老师 人挺好的。要写essay要pre要考试……",,,caf1f24e57415e8041db8660
54,D,Art,"Technology and Culture: Science Fiction, Video Games and Social Media",,['GE'],3,3,"问题：列1
上课很有意思 给分中规中矩(？",,,5b99ad54a4a879e2218aca41
54,E,Art,"Technology and Culture: Science Fiction, Video Games and Social Media",,['GE'],3,3,"问题：列1
上课有趣，但pre比较严格，很看小组每个人的用心程度，同时考试难度不低",,,98c47bc68ab518de8ccb6890
54,F,Art,"Technology and Culture: Science Fiction, Video Games and Social Media",,['GE'],3,3,"问题：列1
给分一般",,,d21a1a877d36cbf090513019
56,C,Art,The Art of Online Shop Management,,['GE'],3,3,"问题：这门怎么样
同问作业难吗",,,4d5038bc670216dfcde514b8
57,C,Art,The History and Culture of Football Games,,['GE'],3,3,"问题：有点兴趣
人菜瘾大能选吗(老师会不会按态度给分",,,d9a74b8ebb1117b4f3edea09
57,D,Art,The History and Culture of Football Games,,['GE'],3,3,"问题：有点兴趣
老师给分怎么样？考试难度大不大",,,2a3351ddeb3e8f273a54e708
58,C,Art,Visual Communication,,['GE'],3,3,"问题：学啥，给分咋样呀
设计相关，所以给分也主观，不过上课挺水的",,,e123cddc820a240b8449f990
58,D,Art,Visual Communication,,['GE'],3,3,"问题：学啥，给分咋样呀
他给的作业会画画会比较方便，不是教设计类软件的，因为我本来想学另一个学软件的课报错了所以也提醒一下（），但是这门课老师给分还行不算压",,,063dfd61ec0a929fed4eed57
58,F,Art,Visual Communication,,['GE'],3,3,"问题：学啥，给分咋样呀
对电脑的配置要求高吗/不教专业软件，不用电脑都行",,,26bda4c2c69ed1a4b3820605
58,G,Art,Visual Communication,,['GE'],3,3,"问题：学啥，给分咋样呀
上课水 但是给分一般 分不是很高",,,d5ed1d1a9ba10974124bdfe7
59,C,Art,American Society and Culture,,['GE'],3,3,"问题：蹲蹲
同蹲",,,c549244c6bd09a39abcc0725
59,D,Art,American Society and Culture,,['GE'],3,3,"问题：蹲蹲
上过的同学表示考试很难，好像还有pre?",,,eb0939cdb419921370f96c0d
59,E,Art,American Society and Culture,,['GE'],3,3,"问题：蹲蹲
这门课老师事情特别多，上课不能碰手机，而且事情特别多，但是论文给分很低，相当于有一个测试一个演讲，还有一篇论文和一个期末",,,7443cba5f19e9d69ef59e8f4
60,C,Art,Cross-Cultural Communication,,['GE'],3,3,"问题：蹲蹲这门的评价
同问啊啊啊不想fina l 同问+1",,,f8225811f81dffd51c502075
60,D,Art,Cross-Cultural Communication,,['GE'],3,3,"问题：蹲蹲这门的评价
比较古老的选修了 好评比较多 要写很多东西 有的人觉得有趣因为是学各国文化 有的人觉得无聊",,,418ed42779153c52789b3f24
60,F,Art,Cross-Cultural Communication,,['GE'],3,3,"问题：蹲蹲这门的评价
可以细说写很多东西是写些什么吗",,,903c43552fdb61a425f29b7f
61,C,Art,Film Appreciation: Introduction to Cinema,,['GE'],3,3,"问题：给分怎么样啊，要自己拍电影吗
问问课程作业多吗，复杂吗",,,993663418d244c541c0c0df6
61,D,Art,Film Appreciation: Introduction to Cinema,,['GE'],3,3,"问题：给分怎么样啊，要自己拍电影吗
强的人倒不是很多，满分需要努力，3.7还好",,,f1a2ac3040cdaa29531cd836
62,D,Art,Elementary Number Theory,,['GE'],3,3,"问题：这门课难吗 给分怎么样 哪个老师比较好呀？蹲评价 难吗 强度高吗
不算难 好好准备期末就行",,,83bfc0b171a414f7cf7823c6
63,C,Art,Elementary Number Theory,,['GE'],3,3,"问题：中国学生能上吗
我也想知道，中国学生上的话会不会buff叠满🤔",,,0f068e3416ae300b4cdb6a69
64,D,Art,Introduction to Linear Algebra,,['GE'],3,3,"问题：老师人怎么样TT
Chungkok人很好！！冲",,,f7414a6ac00a7bd93b9ad7db
64,E,Art,Introduction to Linear Algebra,,['GE'],3,3,"问题：老师人怎么样TT
有一个胖一点的男老师给分比较客观，好好学就没什么问题",,,fb643085e4872ecdf8f4fdb9
64,F,Art,Introduction to Linear Algebra,,['GE'],3,3,"问题：老师人怎么样TT
其实跟老师给分没啥关系，看自己考的咋样",,,a3b21dc7b6678946ac895e7b
64,G,Art,Introduction to Linear Algebra,,['GE'],3,3,"问题：老师人怎么样TT
Kieseng人超好！讲课也超级好！！！",,,0ce8cc81bae90983fc24fb17
65,D,Art,Mathematical Graphics,,['GE'],3,3,"问题：这门课的代码是多少，学校ac和pdf里面都没有找到（
如果是LMF老师千万别选，给分低，问为什么也不给理由，老师看人自带滤镜。",,,b342f8ff017a39c38ac8fc63
65,E,Art,Mathematical Graphics,,['GE'],3,3,"问题：这门课的代码是多少，学校ac和pdf里面都没有找到（
Nurhidayah老师上课比较水，但是matlab示例代码全都会给，final前年（2023）是开卷，让做的题目难度偏简单吧",,,6833447e665133359dee38cc
65,F,Art,Mathematical Graphics,,['GE'],3,3,"问题：这门课的代码是多少，学校ac和pdf里面都没有找到（
Goh Chien Yong虽然我不喜欢他，但是听说她给分很好",,,684c9add1c3d94c965752d76
65,G,Art,Mathematical Graphics,,['GE'],3,3,"问题：这门课的代码是多少，学校ac和pdf里面都没有找到（
有Liu Meifeng的课还是避开她好些，好像会故意压低中国学生的分数，然后asm乱评分大家苦不堪言，虽然一门课分两个group教但是最后一个asm是两个老师部分group一起评价，有的同学就被lmf评到了，反正他的风评反馈啥的一直都不太好，别选",,,16194537246d5c911401f4cc
65,H,Art,Mathematical Graphics,,['GE'],3,3,"问题：这门课的代码是多少，学校ac和pdf里面都没有找到（
课确实不太难，基本上会用matlab画各种类型的图就好，不过老师最好确定一下是给分还行的",,,b3f1171668e422e41db2068b
65,I,Art,Mathematical Graphics,,['GE'],3,3,"问题：这门课的代码是多少，学校ac和pdf里面都没有找到（
Nurhidayah超级好",,,d5c6f514256d12843a3104cd
65,J,Art,Mathematical Graphics,,['GE'],3,3,"问题：这门课的代码是多少，学校ac和pdf里面都没有找到（
？？为啥我看很多人说Nurhidayah好？虽然我没上过这门课但是我之前上过这个老师的专业课，那是她第一次来我校教书，教的特别烂，完全听不懂她在讲什么，然后一场midterm就已经很多人上不了A了，不过最后的final基本都是原题，而且她还调整curve了（捞人）所以A还是挺好拿，但是教的不好。不过或许她现在改变了吧",,,fe3c78258a4cd0c63677f451
65,K,Art,Mathematical Graphics,,['GE'],3,3,"问题：这门课的代码是多少，学校ac和pdf里面都没有找到（
数图挺有意思的搞matlab画画图很舒服 给分不错",,,3f8f71a0f010115b05675d59
65,N,Art,Mathematical Graphics,,['GE'],3,3,"问题：这门课的代码是多少，学校ac和pdf里面都没有找到（
这个小学期拼尽全力，也没能让LMF大人尽兴，我感到非常抱歉",,,f91134f0d6079ccc7e749ba3
65,R,Art,Mathematical Graphics,,['GE'],3,3,"问题：这门课的代码是多少，学校ac和pdf里面都没有找到（
求问Keng Ying Ying老师怎么样",,,6549532efa7227986e4a9b70
65,T,Art,Mathematical Graphics,,['GE'],3,3,"问题：这门课的代码是多少，学校ac和pdf里面都没有找到（
没上过这门，但Keng Ying Ying超级好！",,,e3f5252e0cc0c092ae1aee57
66,C,Art,Psychology of Interpersonal Communication,,['GE'],3,3,"问题：好拿分吗？难吗？有什么老师可以推荐的，有pre吗？
事情很多，2pre1final，老师上课认真",,,c6fe227290c89ea1b47a4a86
66,D,Art,Psychology of Interpersonal Communication,,['GE'],3,3,"问题：好拿分吗？难吗？有什么老师可以推荐的，有pre吗？
据说还不错",,,3fbfb58ed9415caa06d4b5e3
66,E,Art,Psychology of Interpersonal Communication,,['GE'],3,3,"问题：好拿分吗？难吗？有什么老师可以推荐的，有pre吗？
只有两个大pre，自信的来，每节课都互动",,,44d34bd89ecd096e67c8cd72
66,F,Art,Psychology of Interpersonal Communication,,['GE'],3,3,"问题：好拿分吗？难吗？有什么老师可以推荐的，有pre吗？
不是很推荐，老师比较看重创意，可能人云亦云的，但是有待观察把",,,00b377d024742c96284152ff
66,G,Art,Psychology of Interpersonal Communication,,['GE'],3,3,"问题：好拿分吗？难吗？有什么老师可以推荐的，有pre吗？
老师很OK，上完感觉治愈人心热泪盈眶那种，不夸张，因为前个学期上得太坎坷了，但是有点压分hhh",,,4ac4013e38ffe2851cb42420
66,H,Art,Psychology of Interpersonal Communication,,['GE'],3,3,"问题：好拿分吗？难吗？有什么老师可以推荐的，有pre吗？
如果对人际交往心理学感兴趣还挺好的，老师上课很认真，个人感觉真的有学到东西。但是事情也真的特别多，反正我在很努力的情况下也只拿了3.7。",,,f976e605104d0303a476d27e
67,C,Art,Speech Communication,,['GE'],3,3,"问题：避雷这门课，想低分的就来吧
虽然比较好水，但是压分。我只能说快跑",,,76489885703a27b1b4cc4e64
67,D,Art,Speech Communication,,['GE'],3,3,"问题：避雷这门课，想低分的就来吧
期末报告是小组pre，老师很形式主义，拒绝全华班，有机会高分的",,,f3fef37c3264d96d64b7b8f6
67,E,Art,Speech Communication,,['GE'],3,3,"问题：避雷这门课，想低分的就来吧
疯狂Pre，上课轮流提问，给分还很低（我们组全员都超级负责，没有一个开摆的，但最后大家的分数都不高），避雷！",,,99848f4d1b5452541c566593
67,F,Art,Speech Communication,,['GE'],3,3,"问题：避雷这门课，想低分的就来吧
没吃过屎的可以来上上",,,db92fb5d7b509e5a93e6080a
67,G,Art,Speech Communication,,['GE'],3,3,"问题：避雷这门课，想低分的就来吧
听朋友说这门课好像是个英语老师教的，说这门课还挺好的",,,2af883aa25ebdeeda3bc4115
67,H,Art,Speech Communication,,['GE'],3,3,"问题：避雷这门课，想低分的就来吧
满分很难很难，老师尤其喜欢积极主动的",,,2852f8aa524135b915abd8f2
67,I,Art,Speech Communication,,['GE'],3,3,"问题：避雷这门课，想低分的就来吧
碰上不好的组员马上会低分，想拿高分的可以换个课",,,f2c7778286d28ae70b7d23e5
67,J,Art,Speech Communication,,['GE'],3,3,"问题：避雷这门课，想低分的就来吧
快跑不解释",,,9791213107f975e674248b43
67,K,Art,Speech Communication,,['GE'],3,3,"问题：避雷这门课，想低分的就来吧
尽全力可能拿不到4.0",,,23b8a9a43ef0df3bec082a8e
67,L,Art,Speech Communication,,['GE'],3,3,"问题：避雷这门课，想低分的就来吧
认真上的话3.0/3.3绩点，每节课都要上台临时pre，最后还有大pre。只要你能pre，那这就是大水课，啥也不用学，主要可以可以锻炼上台能力!",,,2b2e487440cef12294a8608a
68,D,Art,Success Strategies,,['GE'],3,3,没意思分一般,,,9102bfbd9504ae0b7a3e56c5
69,C,Art,The Presidents in American History: From F.D.Roosevelt to Barack Obama,,['GE'],3,3,想知道上课的是什么内容🥺,,,dff464ae516319cc7e83155b
69,D,Art,The Presidents in American History: From F.D.Roosevelt to Barack Obama,,['GE'],3,3,PPT内容非常多，如果不认真听老师上课讲重点应该很难背完,,,d2d11621243c73dd52b007b7
69,E,Art,The Presidents in American History: From F.D.Roosevelt to Barack Obama,,['GE'],3,3,要背诵的东西非常多吗？,,,00924bd306b88c3752e2c70d
69,F,Art,The Presidents in American History: From F.D.Roosevelt to Barack Obama,,['GE'],3,3,跑吧跑吧学历史背东西的,,,4fe4311fcc730505b84df0dd
69,G,Art,The Presidents in American History: From F.D.Roosevelt to Barack Obama,,['GE'],3,3,滚，壁垒一辈子,,,496e4a81ea62f2c6c8556ae6
69,H,Art,The Presidents in American History: From F.D.Roosevelt to Barack Obama,,['GE'],3,3,避雷，给分很魔幻，死都不知道怎么死的,,,e8f32da76cdc6d2f13c9628b
70,D,Art,"Designing Nature: AI, Atoms, and the Art of Simulation",,['GE'],3,3,"问题：想问问这门给分如何，quiz和assignment是什么形式的，以及老师如何
这门课讲的是什么，作业和quiz是什么形式的呀？",,,56c1906595a685cca62dcf12
73,C,新设课程,Communication skills for job search,,['GE'],3,3,"问题：感觉事多，能拿高分吗？这个学了有用吗？
学了很有用，认真学可以拿高分，老师每个assignment都会一对一指导你做",,,b1c182bc8e1f7e07b9f2de19
73,D,新设课程,Communication skills for job search,,['GE'],3,3,"问题：感觉事多，能拿高分吗？这个学了有用吗？
只看分数的话，身边上过的给分都比较主观且偏低；assign和老师都挺折磨人的；用处也许确实会有但相对局限在马来西亚了；我的评价是跑。",,,3cb7d1ab06647b7d8c6ba0b5
75,D,新设课程,Readings in world modern chinese poetry,,['GE'],3,3,"问题：作业和pre用什么语言？麻烦吗？能拿高分吗？给分怎么样
中文啦，认真搞，我感觉上课很充实，语言功底好推荐选",,,6832a2b49c260cbb11369a40
76,D,新设课程,AI for Mathematics,,['GE'],3,3,"问题：这门给分怎么样，quiz、assignment和 pre是什么形式的，难度大不大
老师人很好，给分非常慷慨",,,bb6503807bbee3ea7d373928
76,E,新设课程,AI for Mathematics,,['GE'],3,3,"问题：这门给分怎么样，quiz、assignment和 pre是什么形式的，难度大不大
无quiz，无fianl",,,43f537fb6d6dd1a3601f94c2
80,C,Business,Accounting for Decision Making,,['GE'],3,3,别上 天雷,,,1dbf755c83d632eedefec679
80,D,Business,Accounting for Decision Making,,['GE'],3,3,没基础的不好冲4.0,,,493cb69c89734fa02763fcac
81,C,Business,Auditing for Beginners,,['GE'],3,3,"问题：这课怎么样呀
纯背书课，有期中期末，不建议",,,e8bf78981d511a67ca3c8127
83,C,Business,Business Strategy,,['GE'],3,3,"问题：如何呢推荐吗/除了Baba其他老师咋样啊
continuous assessment 100%,一个asm罢了，关于XMUM的商业计划，说实话还不错",,,53b7039ac5d0ba84efc70bd0
83,D,Business,Business Strategy,,['GE'],3,3,"问题：如何呢推荐吗/除了Baba其他老师咋样啊
Li开头的老师避雷 给分很不稳定 我3.0朋友2.7",,,0578bf6141edb024cffc1acf
83,F,Business,Business Strategy,,['GE'],3,3,"问题：如何呢推荐吗/除了Baba其他老师咋样啊
推荐Richardo baba的课",,,01933f4aa0271fe6ce7f627b
84,C,Business,Chinese Economy,,['GE'],3,3,"问题：强推liulingzi老师这门 课超级有趣 人很用心很用心
我是上的主修课不是选修，挺水的给分也高，选修应该更水",,,9bec17a86225f155334049c7
85,C,Business,Critical Thinking Skills,,['GE'],3,3,"问题：有推荐的老师吗
给分怎么样，难度如何",,,b380caf7b70c12c6e2e75d07
85,D,Business,Critical Thinking Skills,,['GE'],3,3,"问题：有推荐的老师吗
给分挺高的，老师人也好，但是论文有点费劲",,,5c8c33207f20523b2530d6e4
85,E,Business,Critical Thinking Skills,,['GE'],3,3,"问题：有推荐的老师吗
老师很好 但是作业较难 考试需背",,,066d591f3efc17bf8fe047cf
85,F,Business,Critical Thinking Skills,,['GE'],3,3,"问题：有推荐的老师吗
老师很好！我觉得只要每节课听了，考前背就不算难，我拿了3.7但是同组组员有3.3的",,,1e734b9bf06ca48a7df6a928
85,G,Business,Critical Thinking Skills,,['GE'],3,3,"问题：有推荐的老师吗
老师挺好滴，课程内容感觉能当堂听懂，不需额外花时间理解。每节课正常听，作业认真做，考前复习就行。我拿了3.7",,,c21c6378f699996437148995
85,H,Business,Critical Thinking Skills,,['GE'],3,3,"问题：有推荐的老师吗
老师人很好！主要是理解 两个asm认真做了final基本没问题 老师最后会复习 给的题目和final差不多 给分也很好认真做4.0没问题的",,,5eb310e4639851cd2375fcab
86,C,Business,Economics and Society,,['GE'],3,3,"问题：问问给分怎么样
给分其实并没有想象中的好 一般般 但是老师上课很水quiz考试都很水 考试会先告诉你题目",,,17824fdbd9959ac2bc9f8945
87,C,Business,Enterprenuership and Sustainable Development,,['GE'],3,3,"问题：给分不咋样 上课很多没必要的活动 避雷
老师给分还可以，没考试，有一个pre",,,645038d279f9587ee217dda1
87,D,Business,Enterprenuership and Sustainable Development,,['GE'],3,3,"问题：给分不咋样 上课很多没必要的活动 避雷
上课会让你们站起来大喊yes！yes！yes！",,,7497fd99b4942d0460ed3691
87,E,Business,Enterprenuership and Sustainable Development,,['GE'],3,3,"问题：给分不咋样 上课很多没必要的活动 避雷
上课很有激情，像传销（）",,,f8b479ab429ada5a98586e9e
87,F,Business,Enterprenuership and Sustainable Development,,['GE'],3,3,"问题：给分不咋样 上课很多没必要的活动 避雷
给分低，作业抽象，老师爱互动，别选",,,86d5d139eb45962685b7079b
87,G,Business,Enterprenuership and Sustainable Development,,['GE'],3,3,"问题：给分不咋样 上课很多没必要的活动 避雷
给分高。七人小组有人做的不太理想但是我们三个人做的比较多，最后三个人3.7。其他四个人3.0",,,9d2815c0b2c172c73759845b
87,H,Business,Enterprenuership and Sustainable Development,,['GE'],3,3,"问题：给分不咋样 上课很多没必要的活动 避雷
跑",,,4168296133429b65122a52d8
87,I,Business,Enterprenuership and Sustainable Development,,['GE'],3,3,"问题：给分不咋样 上课很多没必要的活动 避雷
给分低，作业确实抽象的1b",,,4905534c0c04251335036d38
88,C,Business,Environmental Economics,,['GE'],3,3,"问题：两个asm分别是做什么的呀
有没有好心人来介绍一下这门课？难度怎么样？",,,c61040adb039da95fbd6480c
88,D,Business,Environmental Economics,,['GE'],3,3,"问题：两个asm分别是做什么的呀
这门课给分怎样，作业多吗",,,128a9d9127ddc2d16e4a702e
88,E,Business,Environmental Economics,,['GE'],3,3,"问题：两个asm分别是做什么的呀
有pre吗",,,b27150cf2de640264597eed0
88,F,Business,Environmental Economics,,['GE'],3,3,"问题：两个asm分别是做什么的呀
没final exam 但老师每节课都会抽人pre 大作业也很难，不感兴趣的一定得慎重选",,,d868ebc92e738f5059e53830
88,G,Business,Environmental Economics,,['GE'],3,3,"问题：两个asm分别是做什么的呀
有没有人说一下这门课的给分怎么样呀，个人还是小组作业",,,4014367539acb1dab551b413
91,C,Business,Fundamentals of Contract Law,,['GE'],3,3,学得我头都大了，没文科背景真心不推荐，难理解而且难背，但老师人好会捞,,,b39ef378d0b74d38e22b9a81
91,D,Business,Fundamentals of Contract Law,,['GE'],3,3,别选，我身边选了这门课的同学分都贼低，law霸教授的这门课，虽然老师很专业人很好，但是要求挺严格的，然后要背的东西特别多特别细，法律相关的都避雷,,,263b1d07cd1c6c2774884441
91,E,Business,Fundamentals of Contract Law,,['GE'],3,3,难+给分低，选过的人都是含着泪上的,,,afa8b65d820abf923c12baf7
91,F,Business,Fundamentals of Contract Law,,['GE'],3,3,水，给分低，难背，谁选谁知道蛤,,,068d2af19e11b94b9320bc8b
91,G,Business,Fundamentals of Contract Law,,['GE'],3,3,非常难，别选，很多细节背都背不清楚，还有俩考试俩作业,,,be8abd6ed1203b25bf229c72
91,H,Business,Fundamentals of Contract Law,,['GE'],3,3,别选...背的我头大...和国内法律要背的重点有很多不一样,,,2d80c1412f55d255e7716f08
91,L,Business,Fundamentals of Contract Law,,['GE'],3,3,背就有分，不背就没分，很公平,,,1e885755bef38a37862ae8f3
92,C,Business,Fundamentals of Digital Marketing,,['GE'],3,3,Daljit Kaur 老师人很好，但课的实用性一般，给分也一般，考试就考些理论，背的不少,,,06222ef6c5c2c55eb60995e0
93,C,Business,Fundamentals of Electronic Commerce,,['GE'],3,3,"问题：这门课内容难吗？老师和给分怎么样
同问QAQ",,,7afff4072a407a96f6f5d94a
94,D,Business,Fundamentals of Supply Chain and Logistics Management,,['GE'],3,3,"问题：问问这门课给分怎么样
上课非常无聊，专业性很强，但是给分还不错",,,9d43674f8d5c73230f921bc1
95,C,Business,International Investment Law,,['GE'],3,3,"问题：跑
要背的多吗",,,d0cd0d0e2ebd658b901ccbe5
95,D,Business,International Investment Law,,['GE'],3,3,"问题：跑
很多，细节要背要考",,,f2190c884489888948233200
95,E,Business,International Investment Law,,['GE'],3,3,"问题：跑
law霸教的很严格，然后法律类的课程都背的很多+考的细，建议可以参考合同法(contract law）这门课的评价",,,ea54ce529aac544beca1c2eb
95,F,Business,International Investment Law,,['GE'],3,3,"问题：跑
遇到law霸就跑吧，搞针对+污蔑学生学术不端",,,3f7e1dfa9e49813d0321edb2
96,C,Business,Introduction to Advanced Mathematics I,,['GE'],3,3,"问题：有推荐的老师吗 Liu Mei Feng、Goh Chien Yong、Nisse Mounir这几位老师有推荐的吗？
作业和考试安排是怎么样的呀",,,c3a0d046c659e7cda0c4a772
96,D,Business,Introduction to Advanced Mathematics I,,['GE'],3,3,"问题：有推荐的老师吗 Liu Mei Feng、Goh Chien Yong、Nisse Mounir这几位老师有推荐的吗？
好拿高分，跟着b站自学突击一下就行，大部分是反函数",,,b839f54751ce337685dccbee
96,E,Business,Introduction to Advanced Mathematics I,,['GE'],3,3,"问题：有推荐的老师吗 Liu Mei Feng、Goh Chien Yong、Nisse Mounir这几位老师有推荐的吗？
Lim tau shean人偏随性，不会压分，挺有趣一老师",,,f5932cee365dfe553705e03b
96,F,Business,Introduction to Advanced Mathematics I,,['GE'],3,3,"问题：有推荐的老师吗 Liu Mei Feng、Goh Chien Yong、Nisse Mounir这几位老师有推荐的吗？
Athirah非常细心",,,e29e34c74dd3595171d53025
96,G,Business,Introduction to Advanced Mathematics I,,['GE'],3,3,"问题：有推荐的老师吗 Liu Mei Feng、Goh Chien Yong、Nisse Mounir这几位老师有推荐的吗？
Tau Shean很强",,,e5582db6f36ea0055741a8bf
96,H,Business,Introduction to Advanced Mathematics I,,['GE'],3,3,"问题：有推荐的老师吗 Liu Mei Feng、Goh Chien Yong、Nisse Mounir这几位老师有推荐的吗？
lim tau shean无敌好的老师！来自毕业学长的爆赞！",,,0d48c5dcdaa6e995faa5d4e7
97,C,Business,Introduction to Advanced Mathematics II,,['GE'],3,3,"问题：I和II有什么不一样吗？推荐哪位老师
求Lu Yufeng, Dobrowolski Jan两位教授的评价",,,dc543a42d217752c16da2ae1
97,D,Business,Introduction to Advanced Mathematics II,,['GE'],3,3,"问题：I和II有什么不一样吗？推荐哪位老师
前面，必须上I才能上II好像",,,9c4aab09cb3873b81be9d867
97,E,Business,Introduction to Advanced Mathematics II,,['GE'],3,3,"问题：I和II有什么不一样吗？推荐哪位老师
LuYuFeng老师人很好的 有点内向",,,befc10b9da093e1a4cf96ab2
100,C,Business,Introduction to Entrepreneurship,,['GE'],3,3,"问题：难度不高，但是老师给分不好看
想问问好拿4.0吗",,,0ae454b3d59707e9596a347d
101,C,Business,Introduction to Finance,,['GE'],3,3,"问题：考试要用到计算器吗；continue assessment打分是怎样的？能得高分吗？
考试要用到计算器吗；continue assessment打分是怎样的？能得高分吗？",,,9f3f4696cdeb7dfb22941aab
101,D,Business,Introduction to Finance,,['GE'],3,3,"问题：考试要用到计算器吗；continue assessment打分是怎样的？能得高分吗？
费时费力，但考试简单，给分可以。2次考试好多人提前交",,,51466784afbd35a59a975185
101,E,Business,Introduction to Finance,,['GE'],3,3,"问题：考试要用到计算器吗；continue assessment打分是怎样的？能得高分吗？
没有两次考试，小学期就是期末考",,,3fe1037b77622e3f7de425e5
101,F,Business,Introduction to Finance,,['GE'],3,3,"问题：考试要用到计算器吗；continue assessment打分是怎样的？能得高分吗？
考试简单 要学的有点多 老师特别好",,,f9cf2ac9e4a2c8ce6dc1e3c7
102,C,Business,Introduction to FinTech,,['GE'],3,3,"问题：问Ong Chui Zi老师上课如何？给分如何？
这门课怎么样呀",,,f20c069198485a295adf898d
102,D,Business,Introduction to FinTech,,['GE'],3,3,"问题：问Ong Chui Zi老师上课如何？给分如何？
不累，轻松3.7，但4.0比较看运气",,,1548a8d16ab5660d93c47690
102,E,Business,Introduction to FinTech,,['GE'],3,3,"问题：问Ong Chui Zi老师上课如何？给分如何？
完全没听课pre完3.3，真的轻松",,,1a93e776ba9b57eafd5b58d4
102,F,Business,Introduction to FinTech,,['GE'],3,3,"问题：问Ong Chui Zi老师上课如何？给分如何？
普遍3.3",,,ec0b176af71a1cd13f4bbc60
102,G,Business,Introduction to FinTech,,['GE'],3,3,"问题：问Ong Chui Zi老师上课如何？给分如何？
不用听课随便都有3.3",,,94f9d3e9f719c25aad4646f4
102,H,Business,Introduction to FinTech,,['GE'],3,3,"问题：问Ong Chui Zi老师上课如何？给分如何？
chenyinfoo yyds",,,2f478acd16a9dca304ff02c3
102,I,Business,Introduction to FinTech,,['GE'],3,3,"问题：问Ong Chui Zi老师上课如何？给分如何？
推荐，无期末考给分还可以",,,3dffb00c08df9aeb923ec76b
102,K,Business,Introduction to FinTech,,['GE'],3,3,"问题：问Ong Chui Zi老师上课如何？给分如何？
Toh Moau Yong老师上课如何？给分如何？",,,5deab6a14f4aa2f68061a278
103,D,Business,Introduction to Human Resource Management,,['GE'],3,3,"问题：求问此课给分怎么样
老师爱说教，多人assignment 简单，开卷quiz，考试不难 拿了3.3",,,2cdc6c0f39a4cedcb0bba704
104,C,Business,Introduction to International Business,,['GE'],3,3,"问题：求问
每节课都有小测，期末乱给重点",,,bdb2d1b9b0ff9f61befb821e
104,D,Business,Introduction to International Business,,['GE'],3,3,"问题：求问
长学期上的，sin er老师很好，重点都是考点，给分挺高",,,f0a89b6d259dab00e0a3ac81
105,C,Business,Introduction to Legal Studies,,['GE'],3,3,"问题：难吗
有assignment有quiz有final",,,6e87284e37aef7a36d2e2b83
105,D,Business,Introduction to Legal Studies,,['GE'],3,3,"问题：难吗
很累。超绝背法律和案例分析。给分一般般。老师会记人名点名。不推荐。",,,5f7f0ffcc575951190e3ba28
105,E,Business,Introduction to Legal Studies,,['GE'],3,3,"问题：难吗
英语水平要求高",,,7cbdeddcd880c0708dc088a0
105,F,Business,Introduction to Legal Studies,,['GE'],3,3,"问题：难吗
alice教的话很容易拿分，她很好，好好上课可以拿高asm也简单",,,883d3dedc366b60d43d77083
106,C,Business,Introduction to Operations Management,,['GE'],3,3,"问题：想问一下这个好拿分吗
Introduction to Finance",,,b2aa3ab9b938ec7098ac35a6
107,C,Business,Introduction to Personal Financial Planning,,['GE'],3,3,"问题：请问Ammar Bin Asbi老师给分怎么样？要pre吗？
课程比较简单，不用，均分3.3以上，给分很高",,,26b8f69e264787b6f6ae3a92
107,D,Business,Introduction to Personal Financial Planning,,['GE'],3,3,"问题：请问Ammar Bin Asbi老师给分怎么样？要pre吗？
很简单，上课老师会讲一些比较有趣的冷知识",,,6683552334276a0fa3e0750b
107,E,Business,Introduction to Personal Financial Planning,,['GE'],3,3,"问题：请问Ammar Bin Asbi老师给分怎么样？要pre吗？
需要背一些英语专业名词以应对final exam，不理解概念做不了题。final不会提前透题",,,5578d500ab9b9b3b0520b472
107,F,Business,Introduction to Personal Financial Planning,,['GE'],3,3,"问题：请问Ammar Bin Asbi老师给分怎么样？要pre吗？
课程内容挺水的，有小组作业",,,34cc3ea0b7d232ee3693b0ad
107,G,Business,Introduction to Personal Financial Planning,,['GE'],3,3,"问题：请问Ammar Bin Asbi老师给分怎么样？要pre吗？
推荐Wong Wang Li 老师，上课很有意思",,,45edc1d9365f86161e124b80
107,H,Business,Introduction to Personal Financial Planning,,['GE'],3,3,"问题：请问Ammar Bin Asbi老师给分怎么样？要pre吗？
给分怎么样呀",,,fffb48d59980260166201014
107,I,Business,Introduction to Personal Financial Planning,,['GE'],3,3,"问题：请问Ammar Bin Asbi老师给分怎么样？要pre吗？
ammar bin asbi给分很一般",,,2cffc6329929ebae07ef8fb3
107,K,Business,Introduction to Personal Financial Planning,,['GE'],3,3,"问题：请问Ammar Bin Asbi老师给分怎么样？要pre吗？
上课比较无聊也比较水但是给分很难看 考试难度也较大",,,919c4a6944672fbb15437a28
109,C,Business,Principles of Economics,,['GE'],3,3,"问题：Principles of Economics
Principles of Economics",,,ad6722a2fbc0e7c548ffa105
109,E,Business,Principles of Economics,,['GE'],3,3,"问题：Principles of Economics
逻辑性很强，挺有意思的，真学会了给分高",,,fbe89e55611a266c7451ccc4
109,F,Business,Principles of Economics,,['GE'],3,3,"问题：Principles of Economics
这门课讲什么的，有pre吗想问一下，有没有机会4.0",,,3e5cbaf34e49950e12ae56ce
109,G,Business,Principles of Economics,,['GE'],3,3,"问题：Principles of Economics
求推荐老师!!（同求！！）/上过ShiXiang的课给分挺高的",,,f406a8256152e83365f84b90
110,D,Business,Principles of Health Economics,,['GE'],3,3,"问题：请问这科教学内容如何？老师如何？有无老师推荐
请问这门小组作业几个人？than lee lee老师怎么样呀",,,e91363d9c021a546030608bc
110,E,Business,Principles of Health Economics,,['GE'],3,3,"问题：请问这科教学内容如何？老师如何？有无老师推荐
快跑",,,9aed544ce0ef23bf517d67c2
110,F,Business,Principles of Health Economics,,['GE'],3,3,"问题：请问这科教学内容如何？老师如何？有无老师推荐
给分低，上课无聊",,,b6f583ad254975251866035d
110,G,Business,Principles of Health Economics,,['GE'],3,3,"问题：请问这科教学内容如何？老师如何？有无老师推荐
按她的要求做就有4.0 上课可以不听 但是组员一定要靠谱 做ppt",,,a0c9b9104cb8bdb559f886d9
110,H,Business,Principles of Health Economics,,['GE'],3,3,"问题：请问这科教学内容如何？老师如何？有无老师推荐
给分一般",,,83836540fde0ab12f367389e
111,C,Business,Principles of Management,,['GE'],3,3,难吗，好拿分吗，作业形式怎么样,,,e67ffb545cd51995d15d86f2
111,D,Business,Principles of Management,,['GE'],3,3,还行，但是背的东西很多。,,,f8c0969af950a6619ac44c14
112,C,Business,Principles of Marketing,,['GE'],3,3,"问题：推荐哪个老师呀
大水课！大好课！分高",,,8906e920e51fc9ab61e83122
112,D,Business,Principles of Marketing,,['GE'],3,3,"问题：推荐哪个老师呀
适合e人，考试知识点不难，背就能拿高分，不过都是理论知识。Yang Chia Yen老师每节课会抽人pre，但pre一次就不用再pre了。",,,82745a21a95f9cff8ae26561
112,E,Business,Principles of Marketing,,['GE'],3,3,"问题：推荐哪个老师呀
给分蛮好的，虽然每节课会抽人pre但pre过一次后面就不再叫你了，三个小时只上两个小时",,,af8f86be58484f3fd3ab07d3
112,F,Business,Principles of Marketing,,['GE'],3,3,"问题：推荐哪个老师呀
事多难拿高分",,,a48cd07a243cba0ba4b5aeaa
112,G,Business,Principles of Marketing,,['GE'],3,3,"问题：推荐哪个老师呀
有没有推荐的老师呀！",,,3e7d36534d58084b19fa6645
112,H,Business,Principles of Marketing,,['GE'],3,3,"问题：推荐哪个老师呀
难拿高分",,,9bdcc94a84953d4d70cab90d
112,I,Business,Principles of Marketing,,['GE'],3,3,"问题：推荐哪个老师呀
事多 高分靠pre",,,d2097a543df21b6f2a077cb4
112,J,Business,Principles of Marketing,,['GE'],3,3,"问题：推荐哪个老师呀
ooi老师人好 期末考会给重点 可拿4.0",,,a2e1283aef22dbf8bbbc87b1
112,K,Business,Principles of Marketing,,['GE'],3,3,"问题：推荐哪个老师呀
赶紧跑",,,625488fc12b7e44ae0ac939e
113,C,Business,Python Programming in Business,,['GE'],3,3,"问题：这课今年没期末考了，问问作业是个人还是小组的呀 同问！！！！！
2026/02 提问NIsar Saima老师的python in business怎么样，具体是什么方面壁垒呢，有基础是不是可以拿高分 期末考试难吗 好拿分吗/哪个老师比较好？",,,f59a5bc7f5070d4d1a265708
113,D,Business,Python Programming in Business,,['GE'],3,3,"问题：这课今年没期末考了，问问作业是个人还是小组的呀 同问！！！！！
还行，可以选",,,613a56809c252599b9438961
113,E,Business,Python Programming in Business,,['GE'],3,3,"问题：这课今年没期末考了，问问作业是个人还是小组的呀 同问！！！！！
这门课Group1难评，老师（NisarSaima)恐怕是见过最摆的，期末考试还挺简单的，但是作业感觉分给的很紧",,,694eba02bf11bab16187bd1e
113,F,Business,Python Programming in Business,,['GE'],3,3,"问题：这课今年没期末考了，问问作业是个人还是小组的呀 同问！！！！！
Python每年都听说有点神仙打架的节奏，我们班有代码很厉害的选过也没拿到4.0好像，建议有基础的话再选",,,62a705900d3e91a0a0744186
113,G,Business,Python Programming in Business,,['GE'],3,3,"问题：这课今年没期末考了，问问作业是个人还是小组的呀 同问！！！！！
建议有基础的同志冲，去年有朋友选，一个班60来个人四十多个都有基础",,,0ebb7b75875c6dbe82a97c9a
113,H,Business,Python Programming in Business,,['GE'],3,3,"问题：这课今年没期末考了，问问作业是个人还是小组的呀 同问！！！！！
没选过但是好多人说避雷",,,4a15847313c25bb024316ada
113,I,Business,Python Programming in Business,,['GE'],3,3,"问题：这课今年没期末考了，问问作业是个人还是小组的呀 同问！！！！！
建议有基础再去，课程内容很实在很有用（但有小组作业）",,,e875d73aeb6833971e19ebce
116,G,新设课程,Blockchain Finance,,['GE'],3,3,yi,,,1fb7adb165d69033cb9aefe1
119,C,Science,A Brief History of Astronomy,,['GE'],3,3,"问题：选哪个老师比较好啊
问问这个作业形式是什么呀？有小组作业嘛？是写report然后pre还是什么",,,44b7ebc73274351d886e6fea
119,D,Science,A Brief History of Astronomy,,['GE'],3,3,"问题：选哪个老师比较好啊
老师一男一女 我当时是女老师 quiz开卷给分好轻松3.",,,fb9cb378415ed65b6d09bb41
119,E,Science,A Brief History of Astronomy,,['GE'],3,3,"问题：选哪个老师比较好啊
quiz开卷 老师挺好的",,,6a3de65ffc4256875ea966eb
120,C,Science,Application and method of TCM massage and scraping health care,,['GE'],3,3,"问题：问问这门！（同问
同问！好4.0吗",,,5686099e77bcf3a74ac9586a
120,D,Science,Application and method of TCM massage and scraping health care,,['GE'],3,3,"问题：问问这门！（同问
老师超好！猛猛冲",,,bb646324b06f1e6478c86a8c
120,E,Science,Application and method of TCM massage and scraping health care,,['GE'],3,3,"问题：问问这门！（同问
一般吧，看个人喜欢",,,9472f9bb0983ff3952509c2d
121,C,Science,Aquariums and the Breeding of Aquatic Organisms,,['GE'],3,3,"问题：这门课难吗 好不好过
大名鼎鼎的养鱼课",,,5174769711c3580ee88aceee
121,D,Science,Aquariums and the Breeding of Aquatic Organisms,,['GE'],3,3,"问题：这门课难吗 好不好过
跑",,,2ad5406d9cffc3f00ebdc7dd
122,C,Science,Beyond the Stars: Exploring the Mysteries of the Universe,,['GE'],3,3,"问题：想问问这门课怎么样！！（同蹲
求求这门课给分情况（同蹲，有意思吗这门课平常学啥
beyond的老师很好啊 如果你想选水课就选这个老师没问题 作业很好拿分 老师不严格 还没考试",,,1b4f46877fc578c8c47dcd0e
122,D,Science,Beyond the Stars: Exploring the Mysteries of the Universe,,['GE'],3,3,"问题：想问问这门课怎么样！！（同蹲
求求这门课给分情况（同蹲，有意思吗这门课平常学啥
想问问文科生没有基础适合选这个吗？作业报告是组别还是个人？",,,95bc7c772d442d590870acde
122,E,Science,Beyond the Stars: Exploring the Mysteries of the Universe,,['GE'],3,3,"问题：想问问这门课怎么样！！（同蹲
求求这门课给分情况（同蹲，有意思吗这门课平常学啥
老师讲课还是ok的 很听学生意见 你有想了解的问题都可以随时跟老师交流提问 我最后拿的分还算满意的（借楼问问容易4.0或3.7吗）",,,68eaafab9b81f2e57026a81a
122,F,Science,Beyond the Stars: Exploring the Mysteries of the Universe,,['GE'],3,3,"问题：想问问这门课怎么样！！（同蹲
求求这门课给分情况（同蹲，有意思吗这门课平常学啥
老师人很好，水课好拿分，不需要基础 【追问：容易4.0吗？】",,,0294ac587d84688a737d1ed3
124,C,Science,Chemistry in Materials,,['GE'],3,3,"问题：想问问这门课怎么样，project做什么，要做实验吗 quzi内容怎么样
高考文科生可以学吗，有机化学之前的化学课都有听",,,8f45ecf81a3e3c29a3ca4c1b
124,D,Science,Chemistry in Materials,,['GE'],3,3,"问题：想问问这门课怎么样，project做什么，要做实验吗 quzi内容怎么样
老师人很好，给分还不错",,,89dbc33b36142e7ffc3923ec
124,E,Science,Chemistry in Materials,,['GE'],3,3,"问题：想问问这门课怎么样，project做什么，要做实验吗 quzi内容怎么样
可以冲",,,f49a19438aeb916b6f43b849
124,F,Science,Chemistry in Materials,,['GE'],3,3,"问题：想问问这门课怎么样，project做什么，要做实验吗 quzi内容怎么样
想问问，Project是个人作业还是小组呢",,,60eda3371f567db7b9eaa72b
125,C,Science,Chemistry Is Everywhere I,,['GE'],3,3,有3个个人quiz和一个个人final assignment,,,4c7b1a6460f4b2fba2946505
125,D,Science,Chemistry Is Everywhere I,,['GE'],3,3,闭卷考，老师给分一般,,,f0972d41a16c52fc03f799b3
125,E,Science,Chemistry Is Everywhere I,,['GE'],3,3,读得超崩溃超累，活得太轻松的狠人可以冲,,,c6b24ab72001413f29bd5d4c
125,F,Science,Chemistry Is Everywhere I,,['GE'],3,3,老师人很好但是我感觉quiz有点难，特别是ppt内容超多，感觉复习不完，整个课一上来是高中化学的水平，觉得自己化学不太好的uu慎选吧,,,e630c9f579fa7636e6cd8642
125,G,Science,Chemistry Is Everywhere I,,['GE'],3,3,被骗去了，一个月怒学n页PPT，头发掉光，体重爆减,,,17ece0489ca88cc124357188
125,H,Science,Chemistry Is Everywhere I,,['GE'],3,3,Koh Mei Kee 老师大大避雷线上考改线下一个ppt90页认识零个单词作业给分超级低比专业课还难学直接跳楼了,,,6c3c880c32ffc7fb8e8a7ebf
126,C,Science,Computer Skills for Beginners,,['GE'],3,3,"问题：很看组队的队友怎么样
Hafizah Bte A Razak和Yap Shook Chin哪个给分高
挺简单的，认真一点就行",,,3d4b0b5016d8b628a0bbc4f5
126,D,Science,Computer Skills for Beginners,,['GE'],3,3,"问题：很看组队的队友怎么样
Hafizah Bte A Razak和Yap Shook Chin哪个给分高
quiz和final pre都比较简单 可以冲",,,593a6603501728a578b9f6f5
126,E,Science,Computer Skills for Beginners,,['GE'],3,3,"问题：很看组队的队友怎么样
Hafizah Bte A Razak和Yap Shook Chin哪个给分高
group1的老师挺好的",,,4eb802febe3246c4cc1d1258
126,F,Science,Computer Skills for Beginners,,['GE'],3,3,"问题：很看组队的队友怎么样
Hafizah Bte A Razak和Yap Shook Chin哪个给分高
Hafizah Bte A Razak和Lee Sui Ping哪个给分高一点呀",,,7cab08b76281442d37997f3b
127,C,Science,Data Management and Artificial Intelligence,,['GE'],3,3,"问题：会不会难啊求评价（蹲
是0基础教python吗
蹲评价，好4.0吗，推荐哪位老师？",,,4230842ff08da228fbe797c2
127,D,Science,Data Management and Artificial Intelligence,,['GE'],3,3,"问题：会不会难啊求评价（蹲
是0基础教python吗
课程有难度，但老师人很好，quiz和作业都比较宽容。最后4.0过的",,,2929a727e9efd89e4f41715d
127,E,Science,Data Management and Artificial Intelligence,,['GE'],3,3,"问题：会不会难啊求评价（蹲
是0基础教python吗
课程内容有难度但作业quiz都算简单，李靖老师人超好！",,,432b739df22a2b31724a5faa
128,C,Science,Electronic Automation Systems,,['GE'],3,3,"问题：0基础会很难吗？给分高吗
这门课非常水非常好得分老师也很好",,,e43c8c8952668c710c079b59
128,D,Science,Electronic Automation Systems,,['GE'],3,3,"问题：0基础会很难吗？给分高吗
有点无聊",,,1855dcbe3e6a0c4d81e71583
128,E,Science,Electronic Automation Systems,,['GE'],3,3,"问题：0基础会很难吗？给分高吗
老师很好 给分平均3.3",,,1e54513f8694475046d46b5e
130,C,Science,Engineering Innovations,,['GE'],3,3,"问题：这门课如何呀
同问想知道这门课怎么样😢",,,d969bb1203b9048c9ad2a6da
131,D,Science,Environmental Problems and Environmental Awareness,,['GE'],3,3,给分太严了，上课可以天天翘课，考试也难,,,f0932701d96fb9f035b6c2c6
131,E,Science,Environmental Problems and Environmental Awareness,,['GE'],3,3,学就有分 老师人很好很认真，PPT要背的多，但有地理基础就比较简单,,,3e9faffc7e94f6e422067ff6
131,F,Science,Environmental Problems and Environmental Awareness,,['GE'],3,3,给分很严 内容巨无敌多 考试也不画重点 跑,,,4bf834f30be29d42a88d2f8b
132,C,Science,First Step into MATLAB for undergraduates,,['GE'],3,3,不难，但是做好考试和测验手写代码的准备，给分一般,,,60c722150eefe4a120098d54
132,D,Science,First Step into MATLAB for undergraduates,,['GE'],3,3,个人觉得会有一点吃力，老师人还是挺好的会留很多时间答疑,,,be6129f52e73865ba3835c52
132,E,Science,First Step into MATLAB for undergraduates,,['GE'],3,3,老师人很好 给分一般,,,e4806b9c643ee959d3166b69
133,C,Science,Food and Nutrition,,['GE'],3,3,"问题：这科怎么样？有present 吗
老师怎么样啊 给分宽松吗",,,297ad120863742469b107c27
133,D,Science,Food and Nutrition,,['GE'],3,3,"问题：这科怎么样？有present 吗
快跑吧累的要死又有pre又有report又有video还有quiz 给分也很一般",,,d7517edb12cb64a5d66b7aa4
134,C,Science,Fundamental of Forensic Science,,['GE'],3,3,"问题：问问这门！老师怎么样
这门课是学什么的呀？内容多吗？吃力吗",,,1b96160e4db330a220202ea8
134,D,Science,Fundamental of Forensic Science,,['GE'],3,3,"问题：问问这门！老师怎么样
内容有意思 确实和刑侦啥的有点关系 但作业有点麻烦，小组要设计并且拍一个凶杀案视频然后写报告啥的，考试比较简单上课比较轻松，老师人挺有意思的爱放视频。喜欢刑侦的学着不会累。",,,842d883fe3a2d7be2b1206d8
135,D,Science,Fundamentals of Artificial Intelligence (AI),,['GE'],3,3,"问题：问问这门怎么样 求🥹（同蹲
中规中矩吧，给分比较看个人能力",,,d2b7ec9a0a0e5612ff91d390
136,C,Science,Gesture Recognition,,['GE'],3,3,"问题：这门课咋样呀
上过，任务很简单，轻松4.0，不会被组员坑，都是个人任务",,,bf0fadf1bd559bc15807656b
137,C,Science,Globalization and Sustainable Development,,['GE'],3,3,"问题：老师给分怎么样
很看小组组员合作表现 给分还不错",,,f24c160e12597fbdeaea2b21
137,D,Science,Globalization and Sustainable Development,,['GE'],3,3,"问题：老师给分怎么样
不忙，轻松3.7，但建议组好小组因为最后pre的内容分好像是根据整个的内容给",,,74df718d0809e18a59b5e85c
138,C,Science,Introduction to Chinese Medicine,,['GE'],3,3,教学内容难度大吗，老师上课说中文吗。说英文，会掺杂一些中文术语,,,21320a3657e7b2f00aed46ee
138,D,Science,Introduction to Chinese Medicine,,['GE'],3,3,简单，好拿高分，老师上课有趣,,,cb2fb674711ce89192213dea
138,E,Science,Introduction to Chinese Medicine,,['GE'],3,3,个人觉得如果你喜欢背书 自己读 这个很合适 可以拿高分 quiz 也不会难 （大多是问答题）听说每年题目一样不知道是不是 但是也两极化 也有人说无聊,,,32b157c6d29de1fcc84f256d
138,F,Science,Introduction to Chinese Medicine,,['GE'],3,3,我没上过但是大家注意这门课全都早八,,,e2c965a02db0fb64924e8315
138,G,Science,Introduction to Chinese Medicine,,['GE'],3,3,可以冲😄,,,239542ac3d9dd51361d73e47
139,C,Science,Introduction to IT,,['GE'],3,3,"问题：好拿分吗🥹
避雷N.M.Ali的组 要提问找不到人 人间蒸发一样 避避避避雷",,,ac09b6bbb1eb8182a7f07367
139,D,Science,Introduction to IT,,['GE'],3,3,"问题：好拿分吗🥹
Toa Chean Khim超好，给分高，有个好组员轻松4.0",,,9c822b5289ba9c25ec74c544
139,E,Science,Introduction to IT,,['GE'],3,3,"问题：好拿分吗🥹
Nurul Amera Binti Muhamad Nazmi 这个老师好吗",,,0b8d0678f4c214086956fb6b
139,F,Science,Introduction to IT,,['GE'],3,3,"问题：好拿分吗🥹
Subashini A/P Raghavan老师人很好",,,e5991e38226ac19faa9c034c
139,G,Science,Introduction to IT,,['GE'],3,3,"问题：好拿分吗🥹
没final没quiz两个作业，选好老师拿高分很简单，我当时是wong chim chwee",,,1249dcf85e4df801844f9e63
141,C,Science,Nature’s Mysteries and Scientific Inventions,,['GE'],3,3,不用听课给分高,,,b9f3ac0d5fb62f2e261d201a
141,D,Science,Nature’s Mysteries and Scientific Inventions,,['GE'],3,3,老师人很好！分数也很高，开卷考！,,,1cb9b008f2812dbcd16c295f
141,E,Science,Nature’s Mysteries and Scientific Inventions,,['GE'],3,3,开卷quiz pre带答辩 非常好老师给分高,,,773554d20b42d3d72f0f6d19
141,F,Science,Nature’s Mysteries and Scientific Inventions,,['GE'],3,3,开卷quiz，上课也很有趣，老师人也很好，pre会有qna（选人回答）分给很高，推荐,,,2c85308fedb59e65b7ce4460
142,C,Science,Physics in Movies,,['GE'],3,3,很无聊但给分还行3.7,,,3333ca47da7a76081bfed086
142,D,Science,Physics in Movies,,['GE'],3,3,确实很无聊，给分看个人,,,be6754dfec88951a7536c538
142,E,Science,Physics in Movies,,['GE'],3,3,有理科背景的话可以拿physics in movie，听朋友说过不难,,,5a665723adc3a2ce1a9b24f9
143,C,Science,Save Our Earth with New Energy!,,['GE'],3,3,"问题：老师给分怎么样 有present 吗
老师havid人超级好，而且不卡A的比例！他甚至会专门用自己的手机帮我们pre的视频录下来，如果Academic Affairs不给那么多A 会用录的视频用来argue帮我们争取，身边的基本都是A",,,95c931de395d27a281ffc6b8
143,D,Science,Save Our Earth with New Energy!,,['GE'],3,3,"问题：老师给分怎么样 有present 吗
一般般，老师不是想象中那么善良",,,fb0135f586d13223eca46845
143,E,Science,Save Our Earth with New Energy!,,['GE'],3,3,"问题：老师给分怎么样 有present 吗
老师人很好，课程难度也不大，我和朋友都是4.0",,,5c4638c15495368815292cb2
143,F,Science,Save Our Earth with New Energy!,,['GE'],3,3,"问题：老师给分怎么样 有present 吗
不需要有很高的理科素养，基本就是小学的那种科普课",,,9452b5296431f5cea8649443
144,C,Science,Science and Nature,,['GE'],3,3,"问题：求评论🈯🈯👉👉
人生没有如果！只有结果！
翻身就两条路：
一个是干！一个是学！不会就学，有想法就干！光看不动永远是观众！要么成功！要么成长！你的人生没有失败！！
要求就一个：
听话照做！听话照做！
有能力有实力最好，没有的我教你借！！
踏实靠谱能听话照做的来！磨叽质疑的请绕道！！
v: AYU652-
Q: 2011622560
上课挺有意思，quiz开卷但是给分很严格",,,13cb35e7cb8f078c42255479
144,D,Science,Science and Nature,,['GE'],3,3,"问题：求评论🈯🈯👉👉
人生没有如果！只有结果！
翻身就两条路：
一个是干！一个是学！不会就学，有想法就干！光看不动永远是观众！要么成功！要么成长！你的人生没有失败！！
要求就一个：
听话照做！听话照做！
有能力有实力最好，没有的我教你借！！
踏实靠谱能听话照做的来！磨叽质疑的请绕道！！
v: AYU652-
Q: 2011622560
pre之后q&a被盘问了半个多小时 建议找好托 给分一般",,,ae16a5a683b9696d2d3f9a8c
144,E,Science,Science and Nature,,['GE'],3,3,"问题：求评论🈯🈯👉👉
人生没有如果！只有结果！
翻身就两条路：
一个是干！一个是学！不会就学，有想法就干！光看不动永远是观众！要么成功！要么成长！你的人生没有失败！！
要求就一个：
听话照做！听话照做！
有能力有实力最好，没有的我教你借！！
踏实靠谱能听话照做的来！磨叽质疑的请绕道！！
v: AYU652-
Q: 2011622560
quiz开卷 考前一周助教会透题/pre带答辩和提问 有创意加答辩能自洽给分很高 多去问助教感觉有很多信息",,,1936d3f4d8b9108a8129f12d
144,F,Science,Science and Nature,,['GE'],3,3,"问题：求评论🈯🈯👉👉
人生没有如果！只有结果！
翻身就两条路：
一个是干！一个是学！不会就学，有想法就干！光看不动永远是观众！要么成功！要么成长！你的人生没有失败！！
要求就一个：
听话照做！听话照做！
有能力有实力最好，没有的我教你借！！
踏实靠谱能听话照做的来！磨叽质疑的请绕道！！
v: AYU652-
Q: 2011622560
给分很好。老师人也不错。quiz开卷前一周助教会透题，提前记录好；答辩顺利的话拿高分比较容易。",,,62b18d3bbab492d48b306dad
145,C,Science,The Magic of Semiconductor Technology,,['GE'],3,3,"问题：老师给分怎么样
内容难嘛",,,95dbdc6013b9d1ff63bc6042
145,D,Science,The Magic of Semiconductor Technology,,['GE'],3,3,"问题：老师给分怎么样
课程比较深奥无聊，但是assignment特别简单，presentation也是",,,b0dae3ab2c01eaaf3513892e
145,E,Science,The Magic of Semiconductor Technology,,['GE'],3,3,"问题：老师给分怎么样
给分怎么样",,,c15c34631224e687af4e882d
146,C,Science,There's Plenty of Room at the Bottom,,['GE'],3,3,"问题：求评价
老师喜欢上课抽问，会把每一个人问匀，课程难，不是对nano tech有兴趣慎选",,,24bc9e32c107043d729fe276
146,D,Science,There's Plenty of Room at the Bottom,,['GE'],3,3,"问题：求评价
整体课程难度不太高 文科生也能听懂的 就是任务比较多 有quiz有assignment 有pre 但是没有期末考 final quiz也是半开卷的 好拿分 我和朋友都是4.0 老师是华人会说中文",,,519b73f3ba0230f34b91354c
147,C,Science,Understanding Evolution,,['GE'],3,3,"问题：求评价
老师讲课有趣，final有给范围",,,26f194dd8e8ba5106114cb8f
149,C,Science,Water Motions in the Global Ocean,,['GE'],3,3,"问题：有考试吗？给分高吗
很有意思，很简单，老师很好",,,82eb8f9dfd865adc1a2d4f76
149,D,Science,Water Motions in the Global Ocean,,['GE'],3,3,"问题：有考试吗？给分高吗
有考试是开卷的，很简单",,,ee6c240ba476bcaf831878fb
149,E,Science,Water Motions in the Global Ocean,,['GE'],3,3,"问题：有考试吗？给分高吗
有小测有考试，并非高中地理，不建议选",,,f6494badb37e117cfe6cda0f
149,F,Science,Water Motions in the Global Ocean,,['GE'],3,3,"问题：有考试吗？给分高吗
老师是中国人，人很好，但是每节课都会点人回答问题（问题不难），对地理生而言非常容易，全是高中地理，老师最后给了我4.0",,,7b985b523c732978134ec5af
150,C,Science,Web Site Design,,['GE'],3,3,"问题：有推荐的老师吗?
没有final 只有三个个人assignment 上课不听 全靠ai 感兴趣的可以学到东西的 但是给分也很一般",,,c6077c9f5c9c36d9d6326c6d
150,D,Science,Web Site Design,,['GE'],3,3,"问题：有推荐的老师吗?
文科生避雷",,,367a9dd19575698cf62b5a29
150,E,Science,Web Site Design,,['GE'],3,3,"问题：有推荐的老师吗?
难拿高分",,,1439554e5bac62e0740ee974
150,F,Science,Web Site Design,,['GE'],3,3,"问题：有推荐的老师吗?
辛苦一学期结果不如别人gpt做的，得2.3。",,,5d5c5d8e4fade723862aae1a
150,G,Science,Web Site Design,,['GE'],3,3,"问题：有推荐的老师吗?
跑，文科生真的不推荐",,,5768a177ef4293a66fd18a0d
151,C,Science,What's in a chemical plant?,,['GE'],3,3,"问题：这门课给分如何呀
初中数学闭眼选，考试都开卷，贼拉简单",,,03e4f1cf5d27cc66981e80d9
152,C,Science,Wireless Technology for Preserving the Environment,,['GE'],3,3,"问题：蹲评价！
具体讲什么呀 好拿高分吗",,,73869e72db666643d200c9d1
155,C,新设课程,Chemistry and the environment,,['GE'],3,3,"问题：这个quiz难吗？文科生学习有难度吗给分如何
同问",,,5b888fc4caa31f61f3c3a073
156,C,新设课程,What's on your plate? Food technologies around the world,,['GE'],3,3,"问题：想问问Nornazurah Binti Nazir Ali老师人怎么样，他的考试作业难度大不大呀
同问",,,6d312c390cc5cc9ecb5d9cbf
156,D,新设课程,What's on your plate? Food technologies around the world,,['GE'],3,3,"问题：想问问Nornazurah Binti Nazir Ali老师人怎么样，他的考试作业难度大不大呀
nazurah老师人非常好",,,35674e6cc617676e11c0faf4
157,C,新设课程,Fish Collection and Preservation,,['GE'],3,3,"问题：有uu一起来上这个咩
有没有要一起上的啊？可以群里吱一声~",,,cff49cc4452605378f01f186
158,C,新设课程,From Physics to Finance: Quantitative Finance,,['GE'],3,3,"问题：这门给分怎么样，quiz和assignment是什么形式的，难度大不大
想追高分的避雷",,,20d7650e31ef0407d0985576
